distance_km,weather_severity,road_type,season,cargo_weight_kg,driver_experience_yrs,departure_hour,is_delayed
152,3,highway,summer,18312,16,6,0
485,2,highway,spring,4878,17,9,0
320,3,highway,spring,8029,0,11,0
156,2,rural,spring,3571,18,17,0
121,5,rural,summer,17439,21,13,1
750,2,rural,winter,18447,28,6,1
70,4,rural,spring,12192,7,9,0
664,1,highway,winter,1540,2,18,0
171,1,rural,winter,3186,25,21,1
516,5,highway,fall,13166,24,17,1
264,4,highway,summer,3053,25,13,0
380,3,highway,summer,2279,4,18,0
508,4,rural,fall,13686,22,7,0
137,1,rural,fall,16959,7,5,0
422,1,highway,winter,5557,18,6,0
149,4,highway,spring,19233,17,10,0
713,4,rural,summer,19657,17,19,1
180,1,highway,spring,2762,20,13,0
711,3,rural,spring,10808,0,20,1
358,5,rural,fall,17276,14,8,0
393,5,highway,spring,17992,17,16,0
541,4,highway,winter,5688,28,16,1
463,5,rural,fall,9302,24,14,1
435,1,rural,spring,5557,6,14,1
241,1,highway,fall,4498,15,19,0
326,4,rural,winter,9364,15,18,1
210,4,highway,winter,4177,14,20,0
509,4,highway,spring,6296,5,21,0
363,3,rural,fall,14950,8,7,1
71,5,rural,spring,6863,6,8,1
302,4,highway,spring,8623,13,10,0
797,2,rural,fall,8722,10,5,1
610,2,highway,spring,14154,20,4,0
524,1,highway,winter,18284,15,15,1
108,5,highway,fall,4571,24,13,0
560,4,rural,fall,9308,5,11,1
731,2,highway,fall,3286,21,4,1
525,5,highway,fall,1370,26,15,0
749,1,highway,spring,4696,15,5,1
239,3,rural,spring,12296,19,13,0
736,5,rural,winter,3239,28,20,1
612,5,rural,summer,1440,15,6,1
616,3,highway,summer,840,11,10,1
293,5,rural,winter,4633,16,15,1
554,1,highway,summer,17543,4,11,0
180,1,rural,winter,10725,26,15,0
534,3,rural,spring,10252,24,6,1
696,4,highway,fall,3957,12,20,1
70,2,rural,fall,10348,7,12,1
216,4,highway,spring,19859,23,13,0
323,5,highway,fall,9741,4,9,0
437,2,highway,fall,953,11,4,0
650,3,highway,summer,10396,8,15,0
365,3,highway,spring,11476,2,8,0
63,2,rural,summer,16372,2,16,0
291,1,highway,summer,1318,0,18,0
395,2,rural,fall,5368,24,14,0
614,5,highway,fall,16896,21,11,1
389,1,highway,spring,12671,17,8,0
141,3,rural,fall,1420,23,5,0
416,2,highway,fall,19302,11,15,0
504,4,highway,spring,10006,8,5,1
477,4,rural,fall,6975,8,19,1
558,5,highway,summer,2517,17,6,1
84,4,highway,spring,8457,17,13,0
255,2,highway,fall,16730,28,11,0
130,2,rural,winter,9920,6,10,0
611,4,rural,spring,5292,26,4,0
437,2,rural,spring,13737,3,15,0
51,5,rural,winter,19318,12,8,1
439,1,highway,fall,16751,16,19,1
615,5,highway,fall,19752,23,7,0
155,5,rural,spring,11207,1,20,1
526,2,highway,spring,1938,13,5,0
752,1,highway,fall,4043,2,15,0
451,2,highway,fall,11867,4,4,0
779,3,highway,summer,18665,13,15,0
605,2,rural,spring,16020,2,15,0
211,2,highway,spring,6843,22,15,0
251,2,highway,winter,2763,6,20,0
319,1,highway,summer,10661,29,14,0
320,2,rural,fall,711,17,16,1
505,1,highway,summer,14309,12,11,0
511,4,highway,fall,7527,28,13,1
776,3,rural,fall,831,22,11,0
301,1,rural,summer,8669,26,11,0
751,4,highway,spring,9633,21,12,0
345,1,highway,fall,15091,9,10,0
774,1,highway,summer,16625,24,17,1
769,3,highway,winter,1227,12,5,1
798,5,highway,summer,11554,15,14,0
387,5,highway,winter,3743,8,11,1
102,1,highway,fall,17532,1,16,0
266,2,highway,summer,5595,22,18,0
237,4,rural,summer,14309,4,6,1
429,2,rural,winter,11429,28,17,1
542,2,rural,summer,15342,21,18,0
90,1,highway,summer,17893,16,5,0
206,1,highway,fall,2050,22,15,0
64,1,rural,summer,9495,21,7,0
114,1,highway,spring,15666,3,6,0
570,5,highway,winter,7992,16,8,0
393,1,highway,summer,13001,8,6,0
178,5,rural,winter,16067,19,18,1
697,5,rural,winter,13765,1,5,1
521,1,highway,winter,5924,23,15,0
112,3,highway,summer,14586,17,8,0
188,4,rural,summer,3661,20,20,0
548,2,highway,winter,9715,26,17,0
642,5,rural,spring,7117,21,13,1
441,4,rural,winter,12426,10,6,1
724,3,rural,spring,15592,12,7,0
468,2,highway,winter,16660,7,9,0
338,2,highway,fall,18060,26,19,0
428,5,highway,winter,16138,0,10,0
539,1,rural,winter,2733,16,18,1
280,3,rural,summer,5200,11,14,1
90,5,highway,spring,11527,3,4,0
77,3,highway,fall,8360,20,8,0
184,1,rural,spring,8026,12,16,0
250,1,rural,fall,6059,28,17,0
82,5,rural,winter,7232,8,12,1
97,1,highway,summer,3013,26,20,0
552,4,highway,summer,8330,29,18,1
456,2,rural,spring,15281,6,10,0
623,5,rural,summer,8410,22,15,0
777,3,highway,spring,16347,23,9,0
148,4,highway,spring,6149,4,19,0
733,5,highway,fall,17980,4,8,1
775,1,highway,spring,9620,16,12,0
596,1,highway,fall,2451,29,17,0
788,1,rural,summer,10665,8,11,0
662,1,highway,spring,14852,5,17,1
511,3,rural,spring,10246,24,15,0
692,4,highway,winter,11470,18,13,1
54,2,rural,spring,9686,15,16,0
267,3,rural,spring,9304,20,18,0
552,3,highway,winter,1095,1,11,1
447,2,highway,winter,8375,9,13,0
442,2,highway,summer,6472,15,6,0
256,1,highway,spring,16382,4,6,1
64,3,rural,summer,1358,14,8,0
603,5,rural,summer,6019,12,19,0
510,2,highway,winter,10480,12,20,0
740,2,highway,fall,4817,12,9,0
624,4,highway,summer,12644,14,19,1
792,5,rural,fall,13379,13,5,1
290,5,highway,spring,1530,7,18,0
613,2,highway,winter,9987,10,21,1
145,1,rural,spring,13805,17,4,0
783,4,rural,spring,10755,23,15,1
534,5,highway,winter,1947,3,11,1
456,2,rural,spring,10737,25,9,0
280,5,highway,winter,3350,9,15,1
798,4,highway,fall,12453,0,10,1
704,4,rural,spring,8606,28,21,1
220,3,rural,winter,10500,4,17,0
590,2,highway,summer,10003,12,11,0
85,4,highway,spring,15993,0,17,1
574,3,highway,fall,4555,22,8,0
209,3,highway,winter,5902,7,12,0
748,5,highway,spring,9781,2,11,0
292,5,highway,spring,2172,2,5,1
135,3,highway,spring,5032,6,19,0
627,5,rural,fall,5424,3,16,1
731,4,rural,winter,15769,2,10,1
606,1,rural,summer,13046,14,19,1
623,4,highway,summer,6585,7,10,1
695,3,rural,summer,12890,2,17,0
77,3,rural,winter,13780,28,17,0
669,4,rural,summer,5364,29,15,1
605,5,rural,fall,9816,6,4,1
389,5,rural,winter,1721,17,4,0
380,3,highway,spring,3360,10,15,0
689,2,highway,fall,11202,10,18,1
555,5,rural,spring,8928,16,7,1
397,4,rural,summer,15885,27,10,1
522,5,rural,fall,9836,5,19,1
280,4,highway,winter,3753,7,6,1
239,3,highway,fall,4282,0,10,0
274,5,highway,spring,17650,28,9,1
434,4,rural,winter,19565,9,19,0
426,3,highway,fall,16843,27,11,0
332,2,highway,fall,19549,24,9,0
682,4,highway,fall,10451,18,13,0
677,2,highway,fall,16769,2,19,0
794,2,rural,winter,15067,3,14,0
308,1,rural,spring,12183,10,16,1
408,5,rural,fall,4013,14,9,1
759,4,highway,winter,17379,0,4,1
505,2,rural,spring,13835,8,15,0
460,1,highway,fall,11872,10,9,0
698,3,rural,spring,6322,18,21,0
367,4,highway,spring,15337,12,16,0
726,2,highway,winter,12622,25,10,0
274,5,rural,spring,2572,15,16,1
283,1,rural,winter,9029,3,11,1
733,2,highway,fall,19439,0,20,0
713,5,rural,spring,6459,19,12,0
423,2,highway,spring,9607,12,16,0
721,4,highway,summer,6493,0,5,1
657,4,highway,fall,5521,4,7,1
521,4,highway,fall,19791,4,5,0
282,1,highway,summer,19798,13,7,1
741,4,highway,summer,14046,26,21,1
162,5,highway,winter,10674,22,8,1
546,2,rural,winter,16638,13,13,0
491,3,highway,spring,12259,7,21,1
613,5,rural,spring,9690,3,13,1
317,5,highway,spring,13386,6,8,0
559,4,rural,spring,17279,19,20,1
435,1,highway,winter,17822,18,16,0
436,2,highway,fall,10328,14,20,0
162,1,highway,spring,3010,21,12,0
662,2,highway,fall,18533,3,15,0
674,2,highway,spring,3935,29,17,0
130,1,rural,summer,3701,18,17,0
748,5,rural,spring,15653,8,11,1
162,2,rural,spring,558,20,8,0
51,1,rural,spring,11622,12,17,1
691,2,highway,winter,3471,13,12,0
269,3,highway,summer,10219,22,10,0
615,5,highway,spring,14517,27,11,1
785,4,highway,spring,8814,13,17,0
274,2,highway,fall,10128,21,17,0
434,3,highway,summer,9854,9,14,0
452,4,highway,spring,11992,15,17,0
687,4,highway,fall,3845,4,11,0
179,2,rural,fall,19370,22,6,0
102,1,rural,winter,15857,26,21,1
733,2,highway,fall,1061,5,6,0
779,3,rural,spring,6761,25,16,1
721,4,rural,winter,2237,1,15,1
759,2,highway,winter,9596,12,18,0
465,1,highway,spring,13182,28,21,0
296,2,highway,summer,12223,12,8,0
488,5,rural,fall,12598,18,10,0
252,1,rural,winter,9626,17,14,1
233,3,highway,summer,13889,27,14,0
172,4,highway,spring,8766,18,18,0
450,2,highway,fall,794,0,13,0
343,1,highway,fall,11934,7,18,0
329,5,highway,winter,5830,21,16,0
659,1,rural,fall,5155,15,17,0
247,5,rural,fall,17993,28,20,1
560,3,rural,fall,13960,1,16,0
193,4,rural,fall,4271,7,13,1
658,3,rural,spring,9063,5,4,1
250,2,highway,summer,18058,15,4,0
173,1,rural,spring,1664,22,18,0
236,5,highway,spring,9975,10,19,1
375,5,rural,winter,12888,16,15,0
513,1,highway,fall,14469,22,9,1
398,1,rural,spring,8934,18,9,0
709,2,highway,fall,19684,10,15,0
452,3,highway,spring,7762,27,18,0
395,5,highway,spring,2041,7,7,0
560,2,highway,winter,3265,21,7,0
196,3,rural,summer,10806,3,5,0
197,2,rural,summer,4991,10,15,0
760,5,highway,spring,3583,7,10,1
538,1,highway,winter,2357,8,12,1
689,1,highway,fall,1269,25,12,1
600,3,highway,fall,18306,1,11,0
387,4,highway,spring,3472,15,17,1
690,3,rural,summer,18756,5,4,1
522,4,highway,winter,6099,20,15,1
200,2,highway,summer,19153,20,5,0
464,2,highway,fall,5775,25,16,0
347,5,highway,summer,7071,26,7,0
660,4,highway,fall,5572,18,21,1
312,5,rural,winter,10131,27,19,1
193,1,highway,winter,11745,7,17,0
395,4,highway,spring,15206,13,11,0
673,3,highway,spring,5963,23,15,0
621,1,highway,summer,7950,15,12,1
51,1,highway,winter,11595,11,9,1
353,3,rural,winter,1813,4,21,0
303,1,rural,spring,8347,23,5,1
701,4,highway,fall,17954,25,11,1
502,5,highway,summer,9666,23,17,1
86,1,highway,summer,10430,18,9,0
209,4,highway,spring,3785,17,13,1
58,2,rural,winter,3595,8,11,1
282,4,rural,spring,17204,1,20,1
148,5,highway,spring,19205,24,15,0
708,4,highway,spring,1055,19,20,1
257,3,highway,spring,5932,11,16,0
180,5,rural,fall,1886,28,15,1
453,2,rural,fall,11739,1,19,0
201,3,highway,winter,11119,9,8,0
103,4,highway,spring,7354,0,19,0
169,5,rural,fall,10696,3,9,1
722,2,highway,winter,16533,24,14,0
677,3,highway,spring,8137,11,20,1
636,2,highway,summer,13462,8,17,0
674,4,rural,fall,15440,3,9,0
469,2,highway,winter,11118,8,14,0
471,1,highway,summer,4293,27,15,0
153,3,rural,spring,7873,5,16,0
303,2,highway,spring,3013,0,7,0
276,4,highway,spring,2827,9,10,1
161,4,highway,fall,9309,28,5,0
559,2,highway,winter,19049,13,9,1
522,4,rural,summer,6952,21,9,0
148,5,highway,winter,8142,24,21,1
202,5,highway,fall,14935,28,11,0
387,5,highway,winter,1492,17,11,0
755,1,rural,fall,5924,5,11,0
212,2,rural,spring,4881,17,11,0
769,1,highway,summer,5282,19,4,1
730,4,highway,spring,7960,15,5,0
210,1,rural,winter,19962,14,15,1
629,4,highway,spring,3483,15,18,0
447,4,rural,summer,14682,7,7,0
326,3,rural,spring,3023,12,6,0
553,5,rural,summer,10177,22,17,0
441,4,highway,summer,10792,10,11,1
184,3,highway,spring,15589,27,16,0
244,5,rural,fall,5081,28,8,1
450,4,highway,winter,12407,24,16,0
689,4,highway,fall,6109,6,4,1
82,1,rural,fall,18885,16,19,0
737,1,rural,spring,18271,17,5,1
509,5,highway,winter,11875,21,10,0
519,4,highway,winter,17914,22,9,1
424,2,highway,fall,10457,18,8,0
71,1,rural,spring,13455,24,7,1
799,5,rural,winter,1720,12,5,1
719,4,highway,fall,13663,14,13,1
87,4,highway,winter,13789,22,8,0
279,2,rural,spring,13037,29,21,0
414,5,highway,spring,10310,21,13,0
612,4,highway,spring,9955,28,18,1
487,1,rural,winter,9563,21,12,0
332,2,highway,summer,1334,0,14,1
76,5,rural,winter,2224,28,20,1
275,2,highway,summer,2913,15,12,0
326,1,highway,spring,10005,4,19,1
658,5,rural,fall,4998,25,9,1
333,2,highway,summer,2605,2,14,0
530,3,rural,spring,3068,22,20,0
502,1,highway,spring,9830,9,7,0
708,1,highway,summer,17093,18,18,1
565,1,highway,fall,5411,4,4,0
596,3,highway,spring,19104,6,4,0
241,3,highway,summer,17117,13,12,0
98,4,highway,fall,1292,2,15,0
561,2,highway,fall,14695,12,7,0
66,4,highway,spring,14401,12,16,0
221,2,rural,winter,16262,9,10,0
269,3,rural,winter,19994,1,11,0
207,3,rural,spring,19050,5,16,1
526,4,highway,fall,9026,7,14,0
95,5,highway,spring,16398,3,12,1
422,4,rural,summer,1714,24,19,0
567,2,highway,winter,15846,11,13,0
148,4,highway,summer,712,27,14,1
794,1,rural,spring,2158,14,15,0
86,2,rural,spring,12770,7,17,0
329,2,highway,fall,14529,6,15,0
398,5,highway,fall,5524,13,21,0
546,3,rural,fall,13539,22,20,1
351,2,highway,summer,5641,18,6,0
230,3,rural,fall,18678,13,4,0
656,4,rural,spring,6488,21,7,1
148,1,rural,fall,14277,12,19,1
749,5,highway,winter,6078,28,15,0
165,3,highway,fall,15551,20,16,0
240,2,rural,summer,4345,0,20,0
302,3,rural,winter,12382,26,11,0
210,2,rural,winter,14747,18,16,0
305,3,highway,winter,11984,28,8,0
372,2,highway,summer,878,27,21,0
177,4,rural,spring,3793,0,18,1
67,2,rural,fall,12130,3,15,0
784,2,rural,winter,14160,9,20,1
615,1,rural,winter,17108,2,18,1
619,2,highway,winter,1237,26,5,0
372,1,rural,spring,17119,19,9,0
735,5,rural,spring,12970,8,20,1
675,1,highway,summer,17595,2,19,0
337,4,rural,spring,16617,27,20,0
712,1,highway,fall,15279,5,12,0
688,5,highway,summer,18772,5,8,0
204,4,rural,summer,18143,22,4,1
539,3,highway,fall,7771,24,9,1
435,3,highway,fall,17632,11,17,0
153,1,highway,fall,12678,22,20,0
442,1,highway,summer,14990,29,4,0
295,5,highway,summer,14363,0,4,1
225,5,highway,summer,2323,15,16,0
88,2,rural,fall,7352,23,17,0
526,5,highway,fall,13572,4,9,1
731,2,highway,winter,11633,8,9,0
587,4,highway,spring,15611,9,4,0
457,1,rural,winter,7019,12,17,1
574,4,highway,fall,2277,14,6,0
555,5,rural,summer,18106,11,13,1
85,4,rural,fall,15272,4,7,0
734,4,rural,spring,14121,4,13,1
69,4,highway,winter,12359,27,5,1
370,5,rural,winter,18661,27,7,1
561,4,highway,summer,9996,29,9,0
449,2,rural,winter,7990,17,10,0
703,5,rural,winter,9393,11,19,1
520,4,highway,fall,3489,26,10,1
192,5,highway,winter,8843,2,21,1
141,3,highway,winter,18209,25,12,1
403,2,rural,winter,12414,24,13,0
776,4,highway,summer,9498,6,16,1
100,3,highway,summer,3222,16,21,1
714,3,highway,fall,5156,18,19,0
747,5,rural,winter,18209,27,20,1
624,3,rural,summer,4633,17,16,0
239,2,rural,summer,19753,0,15,1
174,2,rural,fall,1742,24,13,0
199,1,highway,spring,9039,23,4,0
363,2,highway,winter,2331,4,11,0
619,3,rural,summer,18453,26,21,1
391,2,highway,fall,7746,27,5,0
354,5,highway,fall,18802,1,19,0
741,1,highway,fall,3732,0,15,0
731,3,highway,summer,4258,6,12,0
103,1,highway,winter,6497,28,6,1
493,3,rural,spring,19239,10,7,1
662,5,highway,winter,11472,10,5,0
313,1,highway,fall,15868,17,11,0
102,4,highway,fall,2324,16,13,0
621,3,rural,spring,11183,1,19,0
669,4,highway,winter,4560,6,14,1
54,1,rural,fall,904,6,21,0
152,4,rural,fall,18605,9,17,1
245,4,highway,winter,11517,21,11,1
399,1,rural,fall,4345,20,18,0
96,5,rural,winter,11884,2,20,1
705,4,rural,fall,16948,29,21,1
318,4,rural,winter,9991,11,9,1
419,5,highway,spring,13612,2,17,0
685,4,highway,fall,12285,10,6,1
155,4,highway,spring,1468,28,10,0
719,4,highway,fall,868,11,18,1
708,2,rural,fall,8924,24,19,0
706,5,highway,summer,2742,3,19,1
169,4,rural,winter,3583,24,11,0
653,5,rural,spring,13822,15,10,1
107,3,rural,spring,1969,19,9,0
395,3,rural,spring,5225,17,5,0
790,4,highway,winter,4759,3,16,0
523,5,highway,summer,4122,21,15,0
166,5,highway,spring,10792,5,18,0
176,5,highway,winter,17707,20,12,0
442,2,highway,fall,3931,14,5,0
690,3,highway,spring,4651,0,20,0
107,5,rural,spring,4713,2,8,0
683,5,highway,summer,15735,4,14,1
562,2,highway,spring,9489,21,10,0
145,2,rural,spring,1279,29,5,0
687,5,highway,fall,15851,16,19,0
167,1,highway,winter,11542,29,15,1
609,5,rural,winter,19776,13,18,1
650,5,rural,summer,6034,8,4,1
537,2,rural,fall,3806,29,16,0
286,2,highway,winter,3402,2,9,0
321,5,rural,fall,13891,25,16,0
238,5,rural,winter,4218,12,21,0
753,5,highway,fall,521,2,6,0
496,2,rural,summer,2000,10,4,0
630,5,rural,spring,9534,1,18,1
296,5,highway,summer,16299,23,16,1
125,4,highway,winter,4141,14,8,1
203,1,rural,summer,691,12,16,0
705,3,rural,spring,13806,18,8,0
484,1,highway,summer,13914,21,21,0
135,4,rural,winter,9087,15,13,1
746,3,highway,winter,5162,17,11,1
334,5,highway,summer,4826,6,18,0
269,4,highway,spring,9565,12,7,1
118,5,rural,summer,10971,3,5,0
96,2,rural,spring,13141,8,9,0
143,4,highway,fall,9696,29,6,0
799,2,highway,spring,13226,9,10,0
502,4,highway,fall,16151,8,13,0
253,4,rural,summer,9036,6,9,0
267,2,rural,spring,19595,14,19,1
523,3,rural,fall,13444,27,5,1
481,1,rural,fall,6773,7,20,0
390,5,rural,fall,6784,18,16,0
600,4,highway,winter,9317,10,4,1
661,5,highway,summer,18562,4,9,1
338,2,highway,fall,8914,1,8,0
303,5,rural,spring,17627,9,16,0
783,2,rural,fall,17346,15,21,1
406,5,highway,winter,18452,22,15,1
72,1,rural,summer,12039,12,10,0
571,1,highway,winter,14493,7,18,0
149,1,highway,winter,13951,8,6,1
229,1,rural,winter,15192,10,19,1
272,1,rural,spring,18620,10,4,0
708,1,rural,summer,13834,22,19,0
491,2,highway,summer,8403,25,15,0
657,4,highway,spring,16129,15,11,0
374,5,rural,summer,18240,9,15,1
565,1,highway,winter,1514,28,18,0
65,2,highway,summer,11360,23,5,0
385,2,rural,spring,17938,11,20,1
307,2,highway,winter,2264,24,10,0
546,4,rural,spring,6509,5,16,0
209,5,rural,fall,10104,27,4,1
524,4,highway,winter,16512,11,9,1
713,3,highway,winter,1167,9,16,1
739,2,rural,summer,3870,17,14,1
724,3,rural,winter,6476,17,13,0
429,1,rural,spring,18278,3,19,0
594,1,rural,summer,9113,8,20,0
740,4,rural,fall,6099,6,20,1
476,5,rural,spring,4150,17,7,0
662,3,highway,fall,12849,7,8,0
317,5,highway,fall,10394,10,17,0
626,4,highway,fall,3690,6,13,1
466,1,highway,winter,15845,8,17,1
217,5,highway,spring,9289,7,4,0
92,5,highway,spring,891,2,14,0
605,1,rural,winter,17959,16,21,0
334,3,highway,summer,3150,1,19,0
446,1,highway,fall,14100,14,21,0
61,5,highway,spring,14817,13,11,0
656,3,highway,winter,19268,28,13,0
351,3,highway,fall,17693,17,13,0
302,1,highway,summer,16063,15,8,0
548,5,highway,summer,7395,19,13,1
84,4,rural,fall,18043,21,21,1
776,5,rural,summer,2031,3,9,1
139,2,rural,spring,5981,24,6,1
654,4,rural,spring,11374,19,11,0
651,3,highway,spring,6663,5,12,0
467,4,rural,summer,5764,5,8,1
164,3,rural,spring,18115,25,5,0
666,3,highway,winter,16390,10,5,0
245,4,rural,spring,19307,25,10,0
550,3,highway,spring,12267,16,20,0
675,3,rural,summer,8571,23,13,0
542,2,rural,spring,16040,27,15,0
124,5,highway,fall,3408,2,5,0
462,5,rural,winter,5212,12,13,1
425,2,rural,summer,12690,21,4,1
469,4,rural,winter,10650,2,7,0
778,1,highway,fall,19619,15,16,1
326,1,rural,summer,4991,14,15,0
725,1,highway,summer,14419,10,14,1
443,2,highway,spring,14668,17,13,0
506,2,highway,winter,9093,14,18,0
241,3,rural,fall,17858,4,8,1
788,1,rural,fall,17107,15,20,0
738,4,rural,summer,5113,29,8,1
148,4,rural,spring,11926,15,5,0
597,1,highway,summer,17109,16,12,0
145,1,highway,summer,8683,8,9,0
713,1,highway,summer,18225,26,21,0
712,2,highway,summer,8901,22,17,0
239,2,highway,fall,4227,2,17,0
785,2,highway,fall,14203,19,11,0
86,5,highway,summer,19687,12,20,1
418,4,highway,summer,10718,21,6,0
744,4,highway,spring,893,2,13,0
574,3,highway,summer,16492,27,20,0
328,2,rural,fall,9535,6,14,1
266,5,rural,winter,10216,28,11,1
322,5,rural,fall,9295,5,4,1
111,4,highway,spring,1081,8,16,0
645,2,highway,fall,14830,11,7,1
778,3,rural,winter,10631,14,10,0
391,2,highway,summer,632,20,17,0
446,1,highway,winter,19722,19,8,0
748,2,highway,summer,15484,2,14,0
68,1,highway,summer,3885,9,20,0
226,1,highway,fall,4270,0,8,0
661,3,highway,fall,2768,18,6,0
445,4,rural,fall,1475,18,8,0
494,2,highway,spring,8105,22,18,0
282,1,highway,fall,7713,22,19,0
125,2,rural,spring,11955,12,11,0
314,4,highway,fall,3335,11,16,0
504,4,highway,summer,3238,0,19,1
767,5,rural,spring,10049,18,6,1
784,4,highway,winter,4634,28,4,1
433,3,highway,spring,7333,23,12,0
613,1,highway,spring,8853,15,12,0
555,5,highway,winter,16190,24,20,0
416,3,highway,spring,2409,22,5,0
193,2,rural,summer,14996,22,12,0
118,1,highway,fall,12562,27,16,0
148,4,highway,winter,10350,14,8,1
445,1,highway,fall,2463,15,12,0
74,2,highway,summer,5653,10,16,0
518,5,rural,winter,10981,23,4,1
533,5,highway,fall,1466,5,18,1
614,5,highway,fall,1389,10,7,0
200,4,highway,summer,19945,2,7,1
193,3,highway,fall,6961,14,13,0
618,3,highway,summer,6666,0,9,1
88,1,rural,spring,16506,6,15,0
158,4,highway,summer,11881,0,19,1
742,5,highway,spring,16844,16,6,0
91,5,highway,winter,11440,8,17,1
235,2,rural,fall,11758,28,4,0
447,2,highway,summer,7780,25,13,0
272,5,rural,summer,1567,22,18,1
683,5,rural,fall,11615,12,10,0
182,4,rural,fall,9518,10,7,0
212,3,highway,winter,16253,28,17,1
264,2,highway,winter,14678,19,19,1
782,3,rural,summer,15687,5,17,1
284,4,rural,winter,5107,0,6,1
707,5,rural,spring,4485,6,20,1
637,3,highway,winter,10784,11,17,1
58,5,highway,winter,15054,21,21,1
123,5,highway,summer,5038,19,6,0
541,1,rural,spring,19246,22,6,1
302,3,highway,winter,19108,18,15,0
279,3,highway,spring,6871,16,8,0
568,5,rural,spring,2226,3,13,1
223,4,highway,spring,6291,2,12,1
702,1,rural,fall,8958,0,4,0
217,5,highway,fall,17721,17,16,0
219,2,highway,fall,16238,26,6,0
442,2,highway,fall,17570,20,14,0
683,1,rural,summer,17240,14,19,0
243,4,highway,winter,9563,7,9,1
566,5,highway,fall,10665,0,6,0
78,3,rural,summer,15039,19,9,0
214,1,highway,winter,16072,13,11,0
471,4,highway,fall,5147,3,16,0
388,3,highway,winter,10502,4,15,1
697,2,highway,fall,11333,22,13,0
545,2,rural,summer,10920,12,6,0
414,3,highway,spring,7142,27,7,0
391,1,highway,spring,11042,23,4,0
549,2,highway,winter,4857,14,16,0
706,5,rural,summer,16099,5,7,1
560,3,highway,spring,13701,0,14,1
376,3,highway,fall,3239,22,14,0
266,2,highway,spring,13731,18,15,0
350,1,highway,winter,10010,12,14,1
181,5,highway,winter,10227,28,9,0
119,1,highway,summer,11135,28,15,0
301,4,rural,winter,10464,5,12,1
464,4,highway,spring,17761,14,13,1
494,2,rural,spring,19754,15,6,1
231,2,rural,spring,11892,23,6,0
216,2,highway,spring,12836,22,19,0
140,4,highway,summer,12439,15,6,0
763,1,highway,fall,17176,9,13,0
580,1,rural,fall,10343,21,14,0
88,2,highway,summer,13323,8,11,0
175,5,highway,winter,3186,8,9,1
500,1,highway,fall,733,16,14,0
222,4,rural,winter,14929,16,15,0
702,3,rural,fall,19258,16,19,1
269,3,highway,winter,2772,23,21,1
687,3,rural,summer,17850,11,16,1
107,5,highway,spring,17773,12,6,0
709,2,highway,winter,3900,29,18,0
525,4,rural,spring,15871,11,17,1
505,5,highway,winter,5042,13,21,1
410,4,highway,winter,4023,9,17,0
50,4,highway,winter,18647,22,8,0
436,2,rural,winter,3791,18,17,1
397,3,rural,winter,2988,28,11,0
239,2,rural,spring,11392,1,18,0
554,5,rural,winter,2058,3,18,1
240,5,highway,spring,5190,18,9,0
557,5,highway,summer,6621,6,11,0
418,2,highway,fall,19160,25,9,0
458,4,highway,winter,12698,14,18,0
166,4,highway,fall,4939,14,6,0
183,1,rural,spring,17987,23,13,0
107,5,highway,summer,8020,5,18,1
605,4,highway,summer,5909,2,19,1
734,1,highway,summer,10170,5,20,0
721,4,highway,fall,12606,15,14,1
222,5,rural,spring,12434,1,19,1
198,3,highway,winter,8369,27,8,0
129,5,highway,winter,3456,6,8,0
262,2,rural,spring,11266,29,17,0
252,4,highway,fall,10586,10,21,0
278,4,highway,winter,10935,25,11,0
725,2,highway,spring,16912,29,8,1
276,2,highway,winter,10755,6,10,0
708,3,rural,summer,10138,3,19,0
581,4,rural,winter,8256,28,17,1
490,4,highway,fall,12356,23,8,0
451,3,rural,spring,16264,19,12,0
96,1,highway,fall,4102,6,7,0
282,3,highway,spring,5562,3,7,0
354,5,highway,summer,12377,28,19,0
575,4,highway,spring,7744,11,20,1
192,2,highway,winter,6872,4,18,0
464,5,rural,winter,7605,22,7,0
562,4,rural,summer,19646,28,9,1
422,3,highway,spring,12729,29,19,0
615,5,highway,summer,17456,29,7,1
308,4,highway,winter,8205,28,9,0
705,1,highway,fall,14394,25,8,1
520,1,highway,summer,12780,18,19,0
61,2,highway,fall,1114,25,19,0
379,4,rural,fall,4550,4,13,0
785,1,highway,spring,17209,26,12,0
407,3,highway,summer,16222,29,7,0
457,4,highway,fall,15710,18,17,0
717,3,highway,fall,17242,20,7,0
422,3,highway,spring,4277,29,15,0
57,1,rural,spring,6406,2,13,0
171,4,highway,winter,2221,26,7,0
397,5,rural,fall,18233,25,21,1
725,1,highway,winter,4396,10,16,0
139,1,highway,fall,7441,6,16,0
697,4,highway,winter,13964,28,17,0
747,4,rural,spring,5746,16,21,1
365,3,highway,summer,8884,24,4,0
227,4,rural,spring,19461,8,19,1
589,3,highway,winter,15869,20,18,1
781,1,rural,winter,16975,8,8,1
90,2,highway,summer,14144,9,9,0
789,5,rural,fall,11608,12,9,1
753,1,highway,winter,8628,14,6,1
551,4,rural,winter,17959,21,19,1
194,5,highway,winter,19397,4,15,1
250,2,highway,summer,8668,28,7,0
773,2,highway,spring,7361,2,4,0
510,3,rural,winter,9490,26,7,1
781,5,highway,summer,14250,26,4,0
607,3,rural,winter,17488,7,11,1
596,1,highway,fall,3479,19,8,0
302,5,highway,summer,7565,9,5,0
439,1,highway,winter,5416,12,15,1
643,3,rural,summer,1097,28,20,0
305,5,rural,winter,6122,2,10,1
758,3,rural,spring,18761,28,14,0
499,5,highway,winter,12664,21,7,1
59,3,rural,summer,2199,7,8,0
291,2,rural,fall,17600,28,9,0
300,3,highway,fall,13929,8,14,0
54,2,rural,fall,14296,29,4,0
168,3,rural,winter,4586,21,13,1
423,5,rural,spring,1165,20,14,0
114,5,rural,winter,15105,11,20,1
195,5,highway,fall,17963,10,11,1
273,4,highway,summer,8919,1,16,0
288,1,rural,fall,15684,17,21,0
226,5,highway,summer,1569,8,19,0
331,2,rural,spring,5763,1,5,1
112,5,rural,summer,16609,1,8,1
266,4,rural,winter,8451,2,21,1
738,2,rural,winter,13419,15,6,0
510,4,highway,winter,1863,18,20,1
659,2,highway,summer,5008,3,19,0
154,3,highway,winter,2255,22,9,0
148,1,highway,winter,1019,24,10,1
560,1,highway,winter,12236,17,21,1
434,4,highway,spring,11014,19,17,1
454,1,rural,summer,15188,24,9,0
567,4,rural,summer,7733,29,11,1
525,4,highway,fall,1602,17,18,1
758,4,highway,summer,1097,9,18,1
694,1,rural,spring,14447,10,18,1
486,4,highway,summer,12741,28,19,0
72,1,highway,spring,6281,16,4,0
614,4,highway,spring,11297,25,14,0
726,5,highway,summer,6756,23,8,0
763,4,highway,fall,10880,24,8,0
507,2,rural,winter,9280,22,9,1
132,4,highway,winter,7054,23,5,1
194,3,highway,summer,13164,19,9,0
134,4,highway,summer,10099,15,17,1
127,2,highway,spring,16011,19,14,0
506,2,rural,summer,5346,12,7,0
50,1,rural,spring,7105,1,12,0
100,5,rural,fall,10751,23,6,1
734,4,highway,summer,16543,26,19,1
766,1,rural,winter,13264,1,14,1
495,5,rural,winter,3486,24,7,0
498,4,rural,summer,900,13,4,0
537,3,highway,spring,19739,3,19,0
83,4,highway,winter,10916,16,19,1
397,2,highway,spring,3912,12,14,0
144,2,rural,summer,16940,3,11,1
121,3,highway,summer,2375,2,4,0
600,1,highway,winter,4798,11,12,0
203,5,rural,summer,4268,21,15,0
299,4,rural,fall,6252,22,11,1
723,2,rural,fall,12989,7,20,1
487,1,highway,winter,1853,1,13,1
167,3,rural,fall,7097,5,10,0
355,2,highway,spring,15191,21,9,0
317,3,highway,winter,4811,9,21,1
103,4,highway,winter,15807,11,18,1
285,5,highway,spring,11294,20,5,0
438,2,highway,fall,3434,9,17,0
783,2,rural,fall,16906,9,13,1
450,4,highway,fall,10894,22,19,0
673,1,rural,winter,18093,2,10,1
352,5,highway,winter,9440,19,11,0
256,2,highway,fall,17688,9,13,0
278,5,highway,summer,8825,28,18,1
627,2,highway,fall,11129,8,11,0
124,5,highway,spring,5641,19,16,0
484,3,highway,winter,4171,18,15,1
152,2,highway,spring,7792,13,11,0
471,5,highway,spring,15938,1,18,1
753,1,highway,winter,12731,4,15,1
787,3,rural,summer,18982,19,14,0
355,3,highway,fall,15011,28,17,0
147,1,rural,spring,11609,28,21,0
384,5,rural,winter,8944,7,16,1
484,4,rural,spring,16105,6,7,1
496,1,rural,fall,13526,5,20,0
357,5,highway,summer,9821,10,12,0
298,1,rural,summer,5935,11,10,0
215,1,rural,summer,8993,17,4,1
530,2,highway,winter,7191,18,10,0
384,5,highway,winter,3263,9,10,0
591,4,highway,summer,3741,24,10,1
155,2,rural,fall,3557,28,11,0
612,1,rural,fall,17434,24,19,1
130,1,highway,winter,6074,20,6,0
182,1,highway,summer,5911,13,16,0
187,5,highway,fall,2087,2,13,0
233,5,highway,fall,10514,17,21,1
450,2,rural,fall,6420,23,10,0
379,4,highway,winter,12188,14,8,0
557,2,highway,summer,4909,5,10,0
118,3,highway,spring,6283,9,20,0
595,1,rural,summer,1212,26,7,1
102,1,highway,summer,5906,11,19,0
499,1,rural,winter,12541,6,13,0
254,2,highway,fall,2933,16,6,0
175,2,highway,fall,3801,0,6,0
796,1,highway,winter,17154,25,20,1
92,2,highway,winter,12086,17,13,1
160,5,highway,winter,17963,25,20,0
712,5,rural,winter,5822,14,20,1
232,2,rural,winter,14432,18,7,1
144,1,rural,spring,5757,27,9,0
423,2,highway,summer,14233,0,15,0
569,2,rural,summer,13868,29,20,1
409,2,highway,summer,10277,4,20,0
745,3,highway,fall,11749,14,13,0
330,5,highway,spring,13381,2,10,0
244,4,highway,summer,10087,0,19,1
244,4,rural,fall,9291,7,16,0
716,3,highway,spring,9205,11,6,0
142,2,highway,spring,9758,26,5,0
721,3,rural,fall,8333,21,19,1
110,3,highway,spring,19770,24,9,0
683,1,highway,fall,14745,18,9,0
100,5,highway,summer,19537,24,16,1
452,4,rural,fall,16254,24,10,1
54,2,rural,spring,9780,11,8,0
515,4,highway,summer,13077,12,10,1
653,4,highway,summer,3014,27,5,1
731,5,highway,winter,4469,0,20,1
583,4,rural,winter,5066,18,16,0
454,4,highway,spring,2696,5,19,0
562,3,highway,fall,17673,7,5,1
694,5,highway,fall,11845,3,8,1
282,1,highway,spring,1809,4,21,0
573,2,highway,summer,1364,24,10,1
395,4,rural,spring,12555,21,14,0
95,2,highway,spring,5889,27,14,0
595,1,highway,summer,12216,6,20,0
127,2,rural,fall,12478,22,19,0
779,1,rural,spring,3503,3,16,1
122,3,highway,fall,14674,19,8,0
298,4,highway,spring,14272,3,19,1
96,1,highway,summer,18115,29,19,0
170,2,rural,summer,8459,14,19,0
263,4,highway,winter,12480,26,17,1
288,3,rural,summer,19595,20,9,0
105,4,rural,winter,7081,4,5,1
399,1,highway,spring,17305,23,17,0
156,3,highway,fall,10465,8,19,1
97,2,highway,summer,12260,1,16,0
622,3,highway,summer,15422,26,18,0
386,3,highway,summer,1446,6,15,0
75,5,rural,spring,18718,16,12,1
306,3,rural,winter,2064,15,21,0
57,3,highway,spring,7832,16,17,0
674,4,rural,fall,5444,19,7,1
302,2,highway,spring,16557,25,11,0
741,4,highway,fall,14377,22,11,0
768,4,highway,summer,10639,1,19,1
352,1,rural,fall,1808,10,13,1
688,4,rural,fall,19870,1,20,1
105,5,rural,winter,17270,0,4,1
775,5,highway,fall,3758,25,21,0
575,1,highway,fall,5311,1,13,0
523,2,highway,spring,7197,28,7,1
77,2,highway,summer,16275,22,4,0
127,4,rural,spring,11539,8,7,0
265,4,rural,spring,1939,21,7,0
435,4,rural,summer,12134,25,7,1
414,2,highway,summer,555,1,20,0
715,3,highway,fall,605,27,12,1
575,5,highway,fall,3701,14,16,0
748,3,highway,winter,15684,9,7,0
361,3,highway,spring,1169,14,8,0
56,2,rural,summer,13163,9,16,0
52,3,rural,fall,1466,28,19,1
672,1,highway,summer,17191,24,8,0
799,4,highway,fall,19022,22,11,1
412,1,highway,winter,12156,26,19,0
557,5,highway,winter,16393,16,4,0
323,4,rural,summer,13589,27,9,1
555,3,highway,winter,16993,8,14,0
788,5,highway,summer,4132,17,19,1
64,4,highway,fall,6184,3,8,1
241,3,rural,spring,13766,8,19,0
680,1,highway,winter,18799,15,10,0
534,4,highway,fall,17440,3,4,0
77,3,highway,spring,604,15,12,0
763,1,rural,spring,2547,18,21,0
88,5,rural,spring,17029,0,16,1
322,5,highway,fall,17757,22,18,0
280,5,rural,fall,17182,5,6,1
135,5,rural,summer,9337,9,13,1
523,2,rural,spring,15907,15,12,1
175,4,rural,spring,6882,3,16,0
586,4,rural,spring,19395,21,19,1
194,2,highway,summer,1283,21,6,0
574,3,rural,spring,870,12,18,1
261,3,highway,fall,16408,15,20,0
74,5,rural,spring,986,19,17,1
629,1,highway,winter,15000,29,10,0
443,3,rural,fall,3696,28,19,1
116,1,rural,summer,10052,5,11,1
282,4,highway,spring,2761,25,7,0
158,1,rural,winter,11313,10,18,0
195,4,highway,summer,9648,23,8,0
160,2,rural,summer,9072,28,16,1
277,2,highway,fall,15508,2,9,0
160,5,highway,summer,13585,19,8,1
519,3,rural,summer,17122,9,20,1
83,5,highway,summer,7343,28,10,0
672,4,rural,summer,1605,27,9,0
418,5,highway,spring,18270,29,5,1
797,1,highway,spring,10941,0,14,0
644,4,highway,spring,10219,19,10,1
603,2,highway,spring,18551,10,11,1
474,3,highway,winter,3191,25,8,0
662,4,highway,spring,12364,25,21,0
567,4,highway,summer,2496,11,19,1
741,1,highway,spring,1925,13,17,0
331,3,rural,spring,16878,24,15,1
369,2,rural,fall,7349,7,20,1
787,4,highway,summer,3747,10,8,1
492,4,rural,spring,19476,3,17,0
364,1,highway,spring,1990,27,9,0
790,5,rural,spring,18108,6,18,0
426,2,rural,winter,19471,9,10,1
338,3,rural,spring,19948,18,17,0
486,4,highway,fall,14810,24,21,0
711,4,rural,summer,17716,25,4,1
326,2,highway,summer,15901,3,9,0
759,5,rural,spring,13384,1,6,1
631,4,highway,spring,19324,25,8,1
552,2,rural,spring,5295,20,15,0
673,1,rural,summer,2146,17,14,0
565,5,rural,summer,16642,13,16,0
399,3,highway,winter,14806,25,19,0
495,4,rural,fall,17324,15,21,1
399,2,highway,winter,6456,21,20,0
656,1,rural,fall,14428,10,20,0
713,3,highway,winter,10221,9,14,0
186,2,highway,summer,11657,16,13,0
292,2,highway,winter,2867,13,19,1
592,3,highway,fall,7196,21,5,0
89,1,highway,spring,5690,3,20,0
278,1,highway,fall,5163,18,13,0
597,5,highway,spring,7562,1,16,0
272,4,rural,summer,4831,6,15,0
55,3,rural,fall,19918,8,18,0
371,3,highway,winter,12380,27,10,0
517,3,highway,fall,16746,18,16,1
781,1,highway,spring,3762,15,15,0
124,4,highway,summer,13820,21,15,0
53,5,rural,winter,18991,24,5,1
695,2,rural,fall,7536,15,8,0
167,2,highway,spring,19631,17,5,0
655,3,highway,winter,5177,22,16,1
553,4,highway,summer,8472,20,6,0
623,1,rural,winter,15829,20,14,1
490,4,rural,summer,4764,10,19,0
243,4,highway,winter,3633,6,4,0
764,1,highway,fall,12112,8,14,1
441,3,rural,spring,18349,3,12,0
75,4,rural,fall,19095,24,17,0
484,2,highway,fall,14658,29,12,0
222,1,highway,summer,10235,12,10,0
349,5,highway,summer,2189,26,19,1
694,3,highway,summer,10263,25,6,0
375,1,highway,fall,8227,24,7,0
459,5,highway,winter,8264,28,10,1
167,5,highway,winter,13503,3,15,0
773,4,highway,fall,1318,18,21,1
274,4,rural,fall,14939,1,8,1
581,4,highway,spring,15577,8,13,0
162,1,highway,summer,5021,11,15,0
189,1,highway,summer,1624,1,11,0
608,3,highway,fall,6160,5,18,0
50,4,rural,fall,6141,4,4,1
139,5,highway,winter,18013,29,6,0
703,2,highway,fall,2202,4,21,1
369,3,rural,winter,18885,19,21,0
599,1,highway,fall,11639,21,5,0
188,3,rural,spring,16202,4,8,0
560,3,highway,spring,7023,26,4,0
308,3,highway,winter,12897,3,13,0
722,3,highway,summer,8611,28,13,0
739,2,highway,spring,2901,8,8,1
59,4,rural,winter,9981,28,21,1
310,5,rural,fall,10567,21,18,1
699,3,highway,fall,13876,26,11,0
221,3,highway,winter,14324,9,20,0
62,3,rural,summer,13944,15,15,0
217,4,rural,winter,13379,9,15,0
691,1,highway,winter,16612,28,4,1
645,1,highway,spring,1039,9,7,0
370,2,highway,winter,11474,28,11,0
368,1,rural,winter,14346,18,4,0
662,3,highway,fall,6115,9,18,0
378,3,highway,spring,16516,5,21,0
599,3,rural,fall,3456,29,4,0
468,2,highway,fall,8577,16,14,0
655,3,highway,summer,4222,4,5,0
144,1,highway,summer,12559,25,4,0
630,4,highway,spring,5587,5,15,1
367,4,highway,spring,10838,26,19,0
285,5,highway,summer,2670,23,13,0
383,1,highway,summer,3891,26,21,0
425,3,highway,summer,7442,14,18,0
508,4,rural,summer,18500,24,20,1
186,1,rural,summer,14306,26,13,0
637,4,highway,fall,15292,18,6,1
596,3,highway,spring,13309,17,19,0
562,4,highway,fall,15355,28,9,0
345,5,highway,fall,9608,3,6,1
369,5,highway,winter,6958,7,12,0
621,4,rural,fall,3256,26,14,0
398,1,highway,summer,7353,15,16,0
278,1,highway,summer,8209,23,21,0
319,1,highway,winter,18820,18,7,1
340,4,rural,winter,19975,19,11,0
774,1,highway,winter,13347,2,16,0
214,3,rural,winter,17852,9,13,1
54,5,highway,winter,7797,1,5,1
428,3,rural,fall,16756,3,11,0
127,1,rural,winter,3703,5,9,0
459,3,highway,fall,6999,10,19,0
623,1,highway,spring,5673,13,21,1
181,4,highway,winter,17773,15,20,1
650,3,highway,winter,12150,26,9,1
798,4,rural,fall,9673,20,16,1
91,4,rural,spring,7882,18,17,0
138,2,rural,fall,1301,1,13,0
451,1,rural,fall,8734,24,14,0
345,5,highway,winter,14397,16,16,1
344,1,highway,summer,15697,8,15,0
665,5,rural,summer,10469,16,12,0
575,1,highway,fall,3701,14,7,0
740,4,rural,winter,17233,29,10,1
686,3,highway,spring,10472,6,5,0
471,3,highway,summer,1083,21,10,0
72,2,rural,spring,13219,22,12,1
624,5,highway,summer,3877,18,8,1
192,5,rural,winter,15355,29,18,0
714,5,rural,fall,3901,2,21,1
194,4,rural,spring,14136,28,7,1
274,5,rural,spring,16238,26,10,1
552,3,highway,fall,7272,0,11,0
665,4,rural,spring,10631,3,20,0
153,1,highway,summer,1288,27,16,0
88,5,highway,fall,16684,17,14,0
247,5,rural,summer,3389,25,4,0
695,1,highway,summer,10069,7,5,0
628,5,highway,winter,10641,18,20,1
440,1,highway,summer,12434,22,8,0
228,4,highway,winter,10269,22,9,0
603,3,rural,spring,8112,27,10,0
497,1,highway,spring,19376,24,18,0
549,2,rural,winter,16705,5,19,1
64,1,rural,summer,14434,0,16,0
672,5,rural,fall,10595,7,8,1
718,4,highway,fall,4740,0,6,1
338,4,rural,winter,19206,18,6,1
527,1,highway,spring,11248,10,17,0
280,3,rural,spring,5798,20,19,0
469,2,highway,fall,2361,23,20,0
206,4,rural,winter,14642,24,7,0
599,5,rural,fall,7820,14,16,1
490,5,highway,summer,11867,22,11,0
146,3,highway,summer,17982,24,8,0
460,4,rural,winter,5747,10,5,0
338,1,highway,winter,2234,18,18,0
303,5,rural,summer,5163,28,5,1
245,3,highway,spring,6409,20,14,0
647,4,highway,winter,13318,9,16,1
571,4,rural,summer,17564,23,13,1
566,4,rural,summer,8663,11,6,0
684,4,rural,spring,18954,0,8,1
167,4,highway,spring,13858,23,6,1
208,5,rural,spring,7168,6,9,1
277,3,highway,spring,13516,16,16,0
265,4,rural,fall,8501,28,13,1
745,2,rural,spring,10421,28,11,1
64,2,highway,fall,2691,25,21,0
206,3,highway,winter,9359,27,6,0
697,1,highway,summer,9372,9,20,0
310,1,rural,fall,19730,27,11,0
206,1,highway,winter,19347,5,13,0
96,2,rural,winter,5422,16,5,0
373,1,highway,fall,4892,17,15,0
734,5,rural,winter,14041,4,9,1
179,4,rural,winter,19881,17,5,1
460,2,highway,fall,15515,29,6,0
144,3,highway,winter,3727,25,20,0
676,3,highway,spring,2524,16,10,1
341,4,rural,spring,17213,21,8,1
332,2,rural,summer,2986,15,4,0
118,1,highway,winter,1655,7,11,0
709,1,rural,summer,10582,23,15,0
60,5,highway,spring,4977,12,17,0
303,5,highway,spring,19069,28,19,0
599,1,rural,spring,7586,23,13,0
183,3,highway,winter,2817,15,18,0
761,3,highway,winter,4121,10,18,1
72,5,highway,spring,4991,5,13,0
395,4,highway,summer,16416,26,10,0
351,1,highway,summer,15748,2,6,0
412,5,highway,fall,3011,0,5,1
445,5,rural,spring,10046,17,9,1
267,1,highway,summer,16112,4,12,0
190,1,highway,spring,8348,12,13,0
665,3,highway,summer,14774,9,7,1
259,4,highway,fall,18177,4,6,1
672,4,rural,fall,2965,25,12,1
665,1,rural,spring,16804,13,20,0
732,2,highway,summer,16169,16,17,1
509,5,rural,winter,11794,0,13,1
405,5,highway,fall,3675,24,16,0
373,1,highway,spring,8349,1,15,0
182,2,highway,spring,12973,6,4,0
176,3,highway,summer,9925,9,9,0
155,1,highway,spring,12722,19,16,0
653,1,rural,fall,8944,6,16,0
427,5,highway,spring,8710,23,7,1
100,1,rural,spring,3259,15,5,0
78,1,highway,winter,16591,4,18,0
511,1,highway,winter,502,28,15,1
345,5,rural,fall,18143,27,10,1
346,3,highway,summer,8690,11,21,0
775,3,highway,winter,15748,16,16,1
456,1,rural,summer,6273,15,20,0
662,5,rural,fall,13286,19,7,0
454,3,rural,winter,19452,25,17,0
395,3,rural,summer,15537,15,16,1
671,3,rural,winter,2385,18,6,1
469,5,rural,fall,7560,25,21,0
231,5,highway,fall,16831,14,17,0
50,1,highway,winter,8344,11,18,0
616,4,highway,summer,13950,20,6,0
420,3,highway,spring,9991,9,4,0
710,4,rural,spring,19222,28,20,1
480,5,rural,winter,9768,25,6,0
358,5,highway,summer,9639,28,17,0
186,5,highway,spring,7291,21,6,1
251,4,rural,fall,7671,1,16,1
485,5,highway,summer,19615,6,18,0
362,1,rural,spring,17753,12,21,1
166,5,highway,summer,593,2,17,0
715,2,highway,winter,3487,14,6,1
624,4,highway,summer,13347,0,11,1
293,2,highway,spring,10467,25,7,0
586,5,rural,winter,16718,2,7,1
651,1,rural,summer,10952,24,14,0
124,3,rural,fall,9127,9,4,0
435,5,highway,spring,5447,26,11,0
259,1,highway,winter,7151,26,18,1
524,4,rural,summer,3644,14,4,1
467,2,rural,fall,16960,21,10,0
396,2,highway,spring,9459,26,14,0
578,2,highway,fall,8797,5,17,0
689,4,rural,summer,7194,19,19,0
228,1,highway,summer,16335,14,17,0
231,4,highway,winter,19757,23,15,1
713,2,highway,fall,3846,20,20,0
74,5,highway,winter,11840,6,17,1
229,3,rural,spring,744,24,13,0
759,4,rural,winter,3125,28,17,1
550,4,highway,spring,4349,28,21,1
210,1,highway,summer,10097,29,12,0
226,1,highway,summer,8237,20,20,1
334,4,highway,fall,14524,26,9,0
112,2,highway,spring,12500,29,11,0
711,3,rural,summer,8833,4,16,0
715,1,highway,fall,17776,29,21,0
205,2,highway,fall,7810,3,8,0
518,5,highway,winter,2899,21,9,1
98,1,highway,fall,5140,17,7,0
133,2,highway,summer,19844,2,10,0
410,2,highway,winter,10891,16,7,0
738,3,rural,spring,18353,17,14,1
197,3,highway,spring,11392,17,15,0
679,5,highway,summer,11697,23,17,0
391,2,rural,summer,13550,23,16,1
525,2,rural,winter,3874,1,13,0
112,3,highway,winter,13411,12,21,0
750,1,rural,summer,9347,29,19,0
409,1,highway,summer,15285,21,8,0
610,4,highway,spring,11460,14,11,1
376,3,highway,spring,14035,4,17,0
785,4,rural,spring,8734,2,8,1
190,3,rural,summer,11003,4,11,0
264,5,highway,fall,5622,4,9,0
484,2,highway,summer,10352,4,19,1
772,5,rural,summer,5887,2,7,1
367,3,highway,spring,8131,2,15,0
81,2,highway,summer,7726,19,14,0
719,1,rural,winter,5608,22,6,1
334,1,rural,summer,19108,27,15,1
354,4,rural,summer,2610,27,8,1
478,3,rural,summer,1457,27,9,0
526,3,highway,summer,7646,29,21,0
335,1,rural,fall,1060,17,19,0
193,5,rural,summer,1812,25,14,1
473,2,highway,winter,18705,19,8,1
68,5,highway,winter,12095,3,12,1
67,5,highway,summer,5874,0,6,0
639,1,highway,spring,3151,25,11,0
420,1,rural,fall,10506,15,9,0
224,1,rural,summer,10433,7,7,0
243,4,highway,summer,16672,16,15,0
551,5,highway,summer,3377,7,15,0
162,3,rural,spring,4583,6,19,1
163,2,highway,spring,1245,24,13,0
271,4,highway,spring,9249,7,17,0
727,3,highway,fall,17825,20,16,0
693,5,highway,winter,19180,23,12,0
313,1,highway,fall,17823,29,10,1
104,5,highway,spring,18494,26,15,1
692,2,highway,winter,2225,25,8,0
507,4,highway,winter,12713,11,21,0
211,4,highway,spring,10028,15,7,0
429,2,highway,spring,14662,11,5,0
136,3,rural,fall,9353,18,6,0
104,3,rural,spring,7687,9,15,1
525,4,highway,winter,532,6,6,1
227,4,highway,summer,15393,11,7,0
440,1,rural,spring,14908,19,9,0
398,3,highway,spring,15660,4,15,1
57,2,highway,fall,3914,15,13,0
362,3,rural,fall,18040,8,4,1
492,1,rural,spring,12620,6,20,0
377,4,rural,winter,2043,19,19,1
103,4,highway,winter,771,21,12,0
288,1,rural,summer,5795,25,12,1
278,2,highway,spring,15463,13,12,0
628,4,rural,fall,12080,10,15,1
100,5,highway,winter,19593,6,12,1
658,4,highway,summer,13097,28,18,0
653,5,rural,spring,12545,9,5,1
313,1,highway,winter,14103,28,14,0
467,1,highway,spring,10437,8,14,0
145,4,rural,spring,15330,3,11,0
137,3,highway,winter,7222,15,9,1
127,5,highway,winter,8701,9,10,1
337,2,highway,winter,4644,18,6,1
169,4,rural,spring,6106,23,11,1
540,2,rural,spring,7266,16,21,0
501,4,highway,summer,17614,8,20,1
549,3,rural,fall,16428,12,14,0
214,3,highway,spring,2148,0,5,0
231,3,rural,fall,2630,1,10,0
518,3,highway,winter,14892,12,21,0
784,1,highway,spring,11088,23,11,0
56,1,rural,summer,4866,8,17,0
379,5,highway,summer,2006,6,10,0
722,2,highway,fall,19042,15,7,1
200,4,highway,winter,19800,18,20,1
134,4,rural,fall,15722,6,8,1
196,1,highway,winter,12863,5,15,1
673,4,highway,summer,12295,17,12,0
430,1,highway,fall,10358,18,16,0
597,5,highway,summer,13116,10,21,1
334,2,highway,summer,4636,28,12,0
749,5,rural,winter,13978,11,7,1
131,3,rural,fall,11661,28,11,1
563,3,highway,fall,3189,25,4,0
758,3,highway,summer,3310,9,20,0
572,5,highway,summer,12163,12,12,1
795,4,highway,winter,6652,11,16,0
435,2,rural,spring,512,20,5,0
756,3,highway,spring,11662,9,16,1
520,3,highway,summer,8499,19,12,1
168,3,rural,spring,7719,17,9,0
445,2,highway,spring,5828,3,4,0
581,3,rural,spring,4121,27,8,0
310,2,highway,spring,12165,23,6,0
305,3,rural,summer,11814,4,7,0
783,5,rural,spring,1152,4,4,1
275,5,rural,spring,16682,28,17,1
102,2,rural,winter,9312,27,12,0
549,5,highway,summer,4290,11,7,0
555,2,highway,fall,16159,25,21,0
413,5,rural,fall,2145,2,17,0
329,5,highway,winter,10935,28,7,1
642,2,highway,winter,4188,7,13,0
763,4,highway,summer,8189,21,6,0
207,5,highway,fall,1879,1,10,0
681,3,highway,spring,4743,17,13,0
108,4,highway,winter,10737,8,16,0
776,2,rural,fall,16830,12,7,0
177,4,highway,summer,19537,6,21,1
785,1,highway,spring,6111,9,14,0
770,1,highway,summer,13016,8,7,1
164,5,highway,winter,14386,29,17,1
258,5,rural,fall,14216,21,21,0
575,3,highway,fall,6412,14,11,1
570,4,highway,fall,6949,4,13,0
601,1,rural,fall,2225,11,8,0
286,5,highway,spring,16370,0,10,1
330,4,highway,spring,9804,11,15,0
408,5,highway,summer,8022,21,6,0
250,5,rural,spring,14163,5,7,0
327,1,highway,winter,5284,18,13,0
284,1,highway,winter,9972,18,7,0
543,5,highway,fall,18116,15,18,1
53,2,highway,winter,10555,18,13,1
715,5,highway,summer,13176,2,19,0
491,5,highway,spring,7946,22,18,0
78,3,highway,spring,5225,9,21,1
158,3,rural,spring,15269,26,15,0
659,3,rural,winter,1909,17,19,0
776,2,highway,spring,8705,25,4,0
124,2,rural,fall,16865,12,19,0
195,5,highway,fall,756,25,5,0
177,3,highway,fall,18605,17,18,0
91,2,rural,winter,16204,2,10,0
405,1,rural,spring,18307,25,4,0
90,5,rural,winter,3490,27,8,1
83,4,highway,spring,1695,22,13,0
66,5,rural,summer,1744,2,7,0
726,4,highway,summer,11915,22,17,1
202,3,rural,winter,7266,24,16,1
427,4,rural,fall,12162,26,4,0
637,3,highway,winter,16710,25,19,1
648,1,rural,fall,18190,11,12,1
678,4,highway,spring,10813,26,19,1
391,5,highway,fall,2902,19,18,0
76,3,highway,fall,17380,6,17,0
336,5,highway,spring,13775,24,13,0
695,2,rural,summer,15415,29,15,0
780,3,rural,spring,1409,23,4,0
217,4,highway,winter,16306,7,20,0
659,3,rural,winter,872,8,12,1
317,5,rural,winter,1844,13,21,0
798,1,highway,winter,9015,4,10,0
504,3,rural,winter,2931,29,12,0
734,4,highway,summer,19668,20,15,1
450,2,rural,summer,11085,18,10,0
525,1,highway,fall,15962,20,17,0
751,2,highway,winter,2195,15,18,0
683,3,highway,spring,2407,23,18,0
607,5,rural,winter,17664,11,9,1
625,5,highway,summer,1519,20,17,1
179,4,highway,winter,11957,3,5,0
412,5,highway,summer,1903,7,11,1
754,1,rural,fall,18310,6,16,0
742,5,highway,fall,9355,14,9,0
341,4,highway,fall,6368,29,8,0
420,3,highway,summer,11339,29,8,0
78,3,highway,winter,510,5,4,0
198,5,rural,winter,6830,4,12,0
345,2,rural,spring,15561,13,9,0
60,3,highway,summer,9730,20,10,0
561,5,highway,spring,19709,12,12,1
725,4,rural,fall,7964,9,8,1
162,5,highway,winter,15246,17,17,0
236,3,rural,summer,3503,28,8,0
793,4,rural,spring,7695,3,11,0
276,5,rural,spring,19972,7,10,1
359,1,highway,spring,14162,23,16,0
147,4,highway,winter,14239,10,16,1
104,1,rural,winter,16088,16,11,0
672,2,highway,winter,2289,17,14,0
713,4,rural,summer,19920,20,21,1
455,1,highway,winter,8098,24,9,0
118,3,rural,summer,5338,25,5,0
361,3,highway,spring,6372,10,16,0
338,2,highway,spring,11867,15,14,0
597,4,highway,fall,4799,11,4,1
197,4,rural,winter,17857,12,5,1
516,4,rural,spring,7583,26,20,0
788,2,highway,winter,5994,15,11,1
293,4,highway,summer,11817,22,5,0
540,3,rural,spring,3629,25,9,1
556,1,highway,winter,604,20,8,1
414,3,highway,spring,7933,0,19,1
531,3,highway,spring,8189,15,11,0
250,1,highway,winter,4067,14,19,1
203,3,highway,spring,18065,5,16,0
499,2,highway,spring,5144,11,10,0
550,1,highway,spring,15466,7,19,0
122,3,highway,spring,11830,6,19,0
762,5,highway,summer,4894,1,15,0
345,3,highway,spring,4034,11,17,0
66,2,highway,fall,12888,20,21,0
690,4,rural,spring,11819,13,21,0
266,3,highway,winter,6975,15,19,1
110,4,highway,fall,18658,10,19,1
665,5,highway,summer,15228,19,16,0
91,3,highway,fall,12506,8,12,0
74,1,highway,fall,16650,9,12,0
88,4,highway,fall,946,16,16,0
180,5,rural,winter,608,11,7,1
547,1,highway,winter,3739,5,12,0
278,1,rural,winter,6431,18,18,1
157,1,highway,summer,4553,10,17,0
221,1,highway,winter,14246,8,15,0
484,3,highway,winter,1745,20,9,0
527,3,highway,fall,19604,28,6,0
151,3,highway,winter,14339,5,19,0
573,5,rural,spring,13356,26,20,0
324,5,highway,winter,5605,24,19,0
662,5,rural,summer,3422,24,9,0
93,2,rural,summer,3013,23,11,0
66,5,highway,spring,3301,24,5,0
379,3,highway,summer,14395,15,17,0
618,3,highway,summer,7481,19,15,0
546,2,highway,fall,8721,15,20,0
61,2,highway,spring,6538,5,18,0
367,5,highway,fall,15582,4,21,0
641,4,highway,fall,15148,20,19,1
265,2,highway,winter,864,3,16,0
388,1,rural,spring,2300,1,20,0
710,3,rural,winter,14610,27,11,0
130,1,rural,winter,6458,5,4,0
776,3,highway,fall,9596,8,6,0
534,3,highway,summer,7936,27,19,0
423,2,highway,spring,13138,16,5,0
759,2,highway,summer,679,13,18,0
249,1,highway,fall,4373,6,4,0
586,3,rural,fall,18070,21,12,0
515,1,rural,fall,15955,18,19,1
138,4,highway,fall,17657,0,7,1
317,1,highway,fall,13297,28,15,0
704,5,highway,fall,4960,19,4,0
620,1,highway,summer,15816,29,4,0
538,5,highway,winter,852,24,10,1
587,5,highway,summer,5844,14,21,1
96,5,highway,spring,5007,17,18,0
337,4,rural,summer,5330,2,16,1
65,1,highway,fall,11720,17,19,0
760,1,rural,summer,617,29,10,1
450,4,highway,winter,17365,1,19,0
135,3,highway,spring,4787,9,16,0
299,2,highway,summer,4977,10,17,0
440,1,highway,winter,7033,26,20,0
384,2,highway,summer,17127,23,15,0
678,4,rural,spring,13255,2,16,1
568,3,rural,summer,1365,6,18,1
186,3,highway,fall,11673,7,7,0
737,3,highway,summer,5829,18,5,1
547,4,rural,winter,1103,17,21,1
776,5,highway,summer,6256,12,5,1
526,5,highway,winter,11754,12,18,1
643,2,highway,spring,4518,23,18,0
272,5,rural,summer,5692,18,13,0
421,5,rural,spring,2515,22,14,0
451,3,highway,spring,10350,11,13,0
492,3,rural,summer,3880,16,8,0
539,2,rural,winter,4270,29,12,1
664,1,highway,spring,6329,27,16,1
322,2,highway,spring,2113,21,21,0
575,2,highway,summer,13647,11,20,0
208,4,rural,summer,16045,27,9,0
201,4,highway,summer,18763,12,13,0
669,2,rural,summer,5872,24,5,1
237,2,highway,summer,11038,11,9,0
147,2,rural,fall,648,18,16,0
180,5,highway,summer,2254,13,21,0
220,4,highway,winter,7878,6,10,0
232,2,rural,spring,14091,12,5,0
413,3,rural,winter,9871,5,17,0
88,3,rural,winter,13279,23,8,1
576,5,highway,fall,10295,18,21,1
546,5,rural,summer,19936,18,14,1
565,1,highway,spring,6192,3,13,0
398,1,highway,winter,4718,18,14,0
446,1,highway,summer,5303,8,5,0
771,5,highway,summer,19261,15,18,0
210,5,highway,fall,12172,26,10,0
65,5,rural,fall,3682,3,12,1
542,3,highway,fall,11509,5,8,1
475,5,rural,spring,14828,7,10,0
157,3,highway,winter,3086,26,5,0
499,1,highway,fall,3148,28,6,0
360,1,highway,fall,7813,23,5,0
788,1,rural,fall,18601,15,7,0
219,2,rural,winter,13044,4,10,0
595,2,rural,winter,7907,20,10,0
463,4,rural,fall,17754,21,20,0
300,4,highway,fall,15734,9,19,0
190,4,highway,summer,15512,22,6,0
323,2,rural,fall,10235,12,18,0
465,2,highway,spring,13925,28,17,0
657,4,highway,spring,16198,25,18,1
788,4,highway,fall,15821,13,17,0
88,5,highway,winter,13146,6,10,0
78,4,highway,summer,5393,28,6,0
526,5,highway,winter,9976,19,20,1
367,3,highway,fall,17770,5,13,0
294,2,highway,spring,19142,6,18,0
797,4,highway,summer,4882,4,9,0
746,2,highway,winter,2285,20,20,1
321,2,rural,winter,13530,17,20,1
489,2,highway,fall,12235,22,17,0
797,3,highway,summer,17179,11,21,1
288,1,rural,spring,10745,5,8,1
426,4,highway,fall,3097,26,11,1
315,1,highway,summer,17564,0,10,0
408,1,rural,winter,824,3,7,1
389,1,highway,fall,15660,18,21,1
438,2,rural,winter,13114,11,8,0
626,5,rural,winter,1486,14,19,1
738,2,rural,fall,1260,2,17,1
52,2,highway,fall,12385,22,17,0
478,1,highway,fall,9728,26,12,0
191,2,highway,fall,17790,27,9,0
425,1,highway,fall,5999,25,20,1
719,5,highway,winter,864,19,15,1
373,4,highway,spring,8527,27,7,1
195,1,highway,spring,14032,7,19,0
342,5,highway,fall,14908,10,14,0
714,4,highway,winter,16605,15,7,0
481,3,highway,spring,8439,8,20,0
754,1,rural,spring,14436,2,11,0
634,1,highway,spring,9761,4,17,0
448,3,highway,winter,16363,19,5,0
393,3,rural,fall,13061,13,14,0
189,1,highway,fall,10947,27,14,0
236,3,highway,fall,14672,25,9,0
110,2,highway,summer,12378,14,17,0
429,4,rural,summer,12911,5,13,0
759,4,highway,summer,19965,26,11,1
489,4,highway,winter,5948,25,10,1
368,2,highway,spring,2607,3,11,0
351,3,rural,spring,8428,7,11,0
393,5,highway,winter,15734,18,5,0
60,3,highway,winter,19817,26,19,0
111,1,rural,fall,16810,4,12,1
275,4,highway,fall,19713,12,16,1
202,3,rural,summer,14028,15,15,0
760,5,highway,summer,13813,0,20,1
613,1,rural,winter,2059,12,5,1
620,2,highway,summer,18625,21,16,0
633,2,rural,spring,15667,10,4,0
709,5,rural,winter,15843,20,14,1
624,1,highway,winter,6330,7,8,1
359,4,highway,spring,8023,24,4,1
292,3,highway,fall,17509,7,16,0
542,1,highway,fall,18574,23,11,0
415,2,highway,spring,16024,27,9,0
379,5,highway,spring,13785,13,20,0
156,5,highway,summer,11473,12,15,1
275,3,highway,winter,3506,2,4,0
267,5,highway,summer,4802,3,6,0
555,5,rural,spring,17972,26,17,1
308,1,highway,summer,5111,19,11,0
566,4,highway,spring,9872,14,14,0
103,3,highway,summer,14580,14,17,0
96,1,highway,summer,15582,29,11,0
776,4,highway,fall,15141,26,6,0
738,1,highway,spring,10593,20,10,1
570,1,highway,summer,8878,12,7,1
148,5,rural,winter,2097,8,19,1
69,4,highway,summer,12100,27,16,0
622,3,rural,summer,4247,24,8,0
539,3,rural,winter,14379,9,8,0
468,4,rural,spring,19554,28,7,1
739,5,rural,fall,13517,11,5,0
111,2,highway,fall,19464,13,16,0
194,1,highway,fall,7932,0,19,1
265,5,rural,winter,19390,13,5,0
52,4,highway,summer,5225,13,20,1
209,1,highway,spring,10937,7,8,0
788,3,rural,summer,13769,15,21,1
169,2,rural,fall,13592,13,21,0
138,3,rural,summer,7502,0,11,0
378,4,rural,winter,6631,15,18,1
629,1,rural,winter,13761,17,16,0
406,4,highway,spring,13112,6,16,0
659,1,rural,spring,5037,14,19,0
316,5,highway,fall,13591,23,16,0
666,2,highway,spring,2835,16,5,0
372,5,rural,summer,4821,18,6,0
684,5,highway,winter,13754,22,18,1
590,4,highway,winter,19869,12,16,1
698,2,highway,winter,1059,8,8,0
244,1,rural,spring,1213,23,9,0
787,1,highway,winter,5093,23,17,0
381,3,rural,winter,15684,14,7,1
219,1,highway,winter,15761,24,10,0
570,4,rural,fall,756,25,7,1
512,5,rural,fall,15074,2,5,1
89,5,highway,spring,537,23,10,0
586,5,highway,winter,10764,0,6,1
310,2,highway,spring,13197,15,18,0
444,1,rural,winter,9152,7,4,1
275,4,rural,winter,16430,28,5,1
173,2,rural,winter,2332,22,13,0
87,3,highway,spring,16017,12,19,0
377,4,rural,spring,5667,7,18,0
300,4,rural,winter,932,16,18,1
225,4,rural,summer,4651,21,17,0
651,5,rural,spring,15412,22,17,0
503,4,highway,fall,6911,13,9,0
86,1,highway,spring,18635,26,17,0
365,4,rural,winter,756,20,20,1
737,5,rural,summer,1171,29,21,1
642,4,highway,winter,989,20,20,1
163,3,highway,fall,7389,6,19,0
89,3,highway,spring,12406,26,11,0
350,5,highway,spring,18980,14,10,0
273,1,highway,winter,18566,15,15,0
367,1,rural,winter,13103,18,12,0
398,2,rural,fall,2960,5,17,0
164,5,highway,summer,5029,22,4,1
747,4,highway,fall,2475,0,13,1
372,5,highway,summer,3716,11,20,0
617,2,highway,spring,14767,17,20,1
89,5,rural,summer,10081,15,20,1
89,5,rural,summer,5015,11,7,1
798,2,highway,spring,12548,19,20,1
338,1,rural,spring,10276,12,21,1
311,4,rural,spring,3463,7,5,0
265,2,rural,fall,7286,26,11,0
196,3,highway,spring,14366,28,16,0
385,1,rural,winter,6700,29,18,0
217,3,highway,spring,17860,25,12,0
141,1,highway,spring,7845,21,6,0
402,4,highway,spring,545,0,6,1
620,4,highway,summer,1693,25,5,1
620,5,highway,fall,5012,20,4,0
730,3,highway,spring,17130,6,17,0
412,1,highway,fall,9483,14,20,0
606,4,rural,winter,1136,28,16,1
394,2,rural,winter,4275,21,18,0
742,4,highway,spring,2921,12,17,0
219,2,rural,winter,13525,12,5,1
405,1,rural,fall,9780,27,10,0
240,4,rural,summer,4683,8,20,0
716,4,highway,spring,11851,23,21,1
471,1,rural,winter,17596,14,9,1
749,4,rural,fall,5823,3,11,0
56,2,rural,fall,13388,12,5,1
182,4,highway,winter,4144,26,4,1
796,3,highway,fall,16642,11,19,0
606,5,rural,fall,8273,4,10,1
80,2,highway,spring,11278,6,14,0
584,3,highway,fall,13001,7,18,0
475,1,highway,winter,14909,4,16,0
443,2,rural,spring,2608,8,5,0
721,5,rural,winter,4114,13,17,1
412,5,highway,summer,10751,25,9,0
486,1,rural,winter,12178,11,12,1
719,1,highway,winter,14867,3,10,1
600,2,rural,spring,4832,19,21,0
131,4,rural,fall,12502,28,12,1
405,1,rural,winter,16200,7,7,1
307,4,rural,spring,14269,16,12,1
767,3,highway,summer,7463,7,7,1
638,5,rural,spring,8338,20,15,1
573,4,highway,spring,12899,28,7,1
344,5,rural,fall,12743,29,17,0
273,4,rural,winter,2345,26,10,1
574,3,rural,summer,14442,0,16,0
95,1,highway,spring,17266,19,11,0
716,3,rural,winter,4612,1,8,0
162,1,highway,winter,13280,3,15,0
282,1,highway,spring,16190,23,16,0
66,5,rural,winter,10588,20,17,0
409,3,highway,spring,2009,0,21,0
272,4,rural,spring,12904,6,7,0
749,3,highway,spring,2078,0,21,1
497,5,highway,summer,17763,8,10,1
414,1,rural,spring,19046,2,18,0
724,5,highway,fall,14606,11,9,1
375,2,highway,winter,10340,18,19,0
516,2,rural,summer,13431,14,11,0
463,4,highway,winter,1859,21,19,1
504,5,rural,summer,4742,15,19,0
635,4,highway,fall,16964,9,6,1
282,4,rural,summer,19616,21,20,1
273,2,rural,summer,3209,28,12,0
461,4,rural,summer,19306,26,6,1
621,2,highway,winter,13291,26,10,0
384,1,rural,spring,17551,5,21,0
271,5,rural,winter,19380,28,15,1
86,4,rural,spring,3999,16,19,0
327,2,highway,winter,12190,20,20,0
245,3,rural,fall,8580,27,18,0
533,4,rural,fall,1689,21,4,1
291,1,highway,summer,14408,23,5,0
373,1,highway,fall,13251,28,11,0
780,3,rural,summer,15214,16,5,1
241,2,highway,spring,1525,20,12,0
66,4,rural,fall,571,18,12,0
573,2,rural,spring,6046,17,16,0
450,1,rural,winter,3185,10,9,1
754,2,highway,spring,9885,23,18,0
71,1,highway,winter,18732,6,18,0
523,2,rural,spring,11076,9,21,0
169,3,highway,spring,2522,6,10,0
259,5,rural,fall,16331,4,14,1
355,3,highway,spring,13440,11,11,0
319,3,highway,fall,18182,15,9,0
753,5,highway,fall,4602,28,11,0
736,5,highway,summer,17788,24,5,0
334,4,rural,summer,3526,20,19,0
765,4,highway,winter,7209,17,10,1
725,3,highway,spring,6469,2,13,0
276,3,highway,winter,3120,19,15,1
430,1,highway,spring,3146,14,20,0
509,1,highway,summer,5365,4,10,0
56,4,rural,summer,2789,12,11,1
78,4,highway,spring,7870,18,10,0
82,1,highway,spring,14354,11,7,0
695,1,highway,summer,10177,29,6,0
128,2,rural,summer,11843,22,18,0
508,2,highway,winter,18324,20,7,1
619,1,highway,summer,1265,4,12,0
587,2,rural,spring,13171,5,16,1
531,5,highway,winter,16658,6,21,1
479,4,highway,spring,4592,25,19,0
787,4,highway,fall,13475,9,4,1
334,1,rural,winter,9841,15,7,1
565,3,highway,spring,12834,7,21,0
148,1,rural,summer,16577,8,11,0
446,2,rural,fall,16335,26,19,1
538,3,highway,spring,3166,3,14,1
88,2,highway,winter,6468,20,21,0
320,5,highway,spring,8141,20,14,0
206,2,rural,fall,19065,7,6,0
124,5,highway,winter,10334,24,11,1
179,5,highway,fall,4388,6,13,0
736,2,highway,spring,1340,14,19,0
133,2,rural,summer,14373,20,8,0
71,5,highway,summer,11346,2,12,0
508,3,rural,spring,6399,16,11,0
588,5,highway,spring,1065,10,14,0
756,4,highway,spring,6505,8,19,1
431,5,highway,winter,9656,4,10,0
797,3,highway,fall,10974,24,18,0
489,4,highway,fall,9687,9,20,0
653,1,highway,fall,7726,14,9,0
70,1,rural,spring,9879,27,18,0
352,3,rural,fall,6390,28,11,0
133,5,rural,spring,13613,13,10,1
708,2,highway,winter,4811,3,5,0
502,3,highway,summer,11946,20,16,0
436,4,highway,spring,9348,19,9,1
556,4,rural,spring,19866,1,8,1
306,1,rural,summer,6583,11,4,0
619,4,highway,summer,13098,0,21,0
576,3,highway,winter,17440,23,18,0
211,4,highway,fall,19903,19,13,0
212,3,highway,spring,3080,4,6,0
573,2,highway,fall,14344,5,8,0
320,1,rural,spring,10053,29,16,0
541,4,rural,winter,9886,23,11,1
257,3,highway,summer,15135,10,5,0
588,5,highway,winter,1171,7,12,0
633,1,rural,summer,1277,6,20,0
109,2,highway,fall,3522,3,21,0
479,3,highway,fall,18744,5,16,0
706,2,highway,winter,14317,15,4,0
654,2,highway,summer,14760,19,15,0
358,4,highway,winter,1574,14,8,0
569,4,rural,summer,10408,13,11,0
640,3,highway,summer,9975,22,18,0
76,5,highway,fall,13378,11,6,0
735,3,rural,fall,15620,28,9,0
611,5,highway,summer,2486,11,16,0
248,2,rural,summer,11325,15,15,0
436,1,rural,summer,9693,14,21,1
398,3,highway,fall,17930,28,4,1
742,3,rural,fall,2676,12,10,0
585,5,highway,spring,19222,10,15,0
427,2,rural,summer,10547,29,13,0
607,2,highway,spring,17384,16,15,1
576,5,rural,summer,19117,20,14,1
202,2,rural,fall,5108,14,7,1
783,4,highway,spring,12406,13,9,1
255,1,highway,spring,7734,9,12,0
504,3,rural,winter,7110,11,13,1
322,1,rural,summer,11024,15,8,0
285,3,highway,fall,17484,14,16,0
789,4,rural,winter,13911,9,12,0
570,2,highway,winter,9680,3,5,1
727,5,highway,summer,15725,26,21,1
775,4,highway,winter,10573,22,4,1
550,1,highway,summer,4983,28,15,0
166,5,rural,winter,6401,8,13,1
435,2,highway,summer,6629,20,5,0
393,4,rural,fall,18638,19,12,0
633,5,highway,summer,19348,8,5,0
444,4,highway,summer,10915,20,17,0
113,4,highway,spring,4982,24,14,0
766,2,highway,fall,10186,23,14,1
770,3,highway,fall,7900,19,20,0
121,5,highway,fall,7306,10,7,1
323,2,highway,winter,11016,10,16,0
369,4,highway,spring,7896,6,10,1
387,2,highway,fall,7838,20,19,0
415,3,highway,winter,10450,9,4,0
544,5,rural,winter,13000,3,16,1
656,3,rural,winter,12045,4,4,0
215,1,highway,spring,5741,4,14,0
593,5,highway,winter,5195,10,9,0
60,3,highway,spring,12030,8,6,0
350,4,rural,summer,14812,27,15,1
778,5,highway,winter,19472,15,8,1
151,5,highway,fall,14818,8,12,1
474,2,highway,winter,18666,21,15,0
441,4,highway,summer,11824,29,13,0
263,1,highway,summer,3718,3,8,0
740,3,rural,winter,4516,1,8,0
137,2,highway,summer,3337,13,12,0
602,3,rural,spring,16812,2,20,0
450,1,highway,spring,7534,17,13,0
637,1,highway,winter,7809,20,4,1
95,5,rural,spring,14879,5,19,1
721,1,highway,spring,4739,10,18,0
512,3,rural,fall,12628,20,20,1
641,4,highway,winter,16356,17,16,1
359,4,highway,summer,10111,11,4,1
135,5,rural,winter,4650,4,11,0
141,3,highway,spring,11609,8,8,0
709,3,rural,fall,1946,19,9,0
722,1,highway,winter,12436,27,17,1
763,3,rural,winter,11536,25,14,0
291,2,highway,spring,6968,17,9,0
51,1,highway,spring,14521,18,14,0
274,2,rural,winter,4675,2,16,1
794,5,rural,spring,15890,8,15,0
638,4,rural,spring,5580,3,5,0
165,5,rural,spring,15971,16,6,0
715,4,rural,spring,15393,16,7,0
152,5,highway,spring,17748,22,20,0
243,3,highway,fall,16509,22,9,0
215,2,highway,spring,6717,1,10,0
139,4,highway,summer,6172,8,18,0
735,1,highway,winter,2002,8,14,0
171,2,highway,fall,1910,4,6,0
192,1,highway,fall,4270,14,9,0
155,2,rural,spring,10597,14,5,0
477,2,highway,winter,4501,2,17,0
354,5,highway,summer,1098,18,12,0
366,4,highway,spring,11476,27,21,0
684,4,rural,winter,19925,2,15,1
58,2,rural,spring,6891,5,16,0
122,3,rural,spring,16950,3,15,0
408,3,highway,spring,15408,23,15,0
272,1,highway,spring,12090,12,21,0
465,1,highway,spring,16779,26,12,0
602,5,highway,spring,3250,12,20,1
419,2,highway,spring,10416,26,19,0
765,1,highway,summer,7306,10,20,0
313,1,highway,fall,6929,4,11,0
739,2,rural,summer,8623,0,14,1
367,5,rural,spring,18515,8,5,1
133,1,highway,spring,6952,16,11,0
367,5,highway,summer,17658,21,15,0
160,4,highway,summer,15956,0,4,0
300,5,highway,fall,4519,2,16,0
432,3,rural,summer,12919,14,20,0
56,3,highway,fall,1429,25,17,0
508,5,rural,spring,19896,20,17,1
133,3,highway,winter,6764,25,19,1
257,4,rural,winter,8473,22,20,0
439,2,highway,winter,10197,29,9,0
363,3,rural,winter,11636,9,10,0
71,3,highway,spring,19703,7,4,0
459,5,rural,winter,1684,11,18,1
564,4,highway,summer,17411,24,21,1
176,2,highway,summer,1416,21,16,0
749,5,rural,winter,4074,14,5,1
63,5,rural,summer,3819,26,18,0
61,4,rural,fall,18290,8,15,0
136,2,rural,spring,18125,23,18,0
573,4,rural,winter,5706,24,21,1
586,2,highway,winter,17682,9,17,1
350,4,highway,spring,18407,19,9,0
292,5,highway,summer,5428,8,15,1
171,5,rural,spring,16605,14,9,1
196,1,highway,spring,3388,22,12,0
616,3,highway,summer,3190,20,7,0
799,4,highway,spring,4591,20,20,0
405,1,rural,summer,14460,0,5,1
734,3,highway,summer,1190,1,19,1
782,4,highway,spring,1995,25,17,1
680,2,highway,fall,11585,18,11,1
358,3,highway,summer,17776,29,17,0
744,5,highway,spring,11220,13,5,0
337,1,rural,summer,6373,7,19,0
356,3,rural,fall,5003,5,7,0
643,3,rural,fall,12220,11,4,0
772,5,highway,winter,14464,25,17,1
711,4,rural,summer,1397,26,11,0
598,2,highway,summer,17594,28,6,0
401,5,highway,spring,4195,14,8,0
361,2,rural,summer,3186,13,9,0
108,4,highway,winter,6278,20,11,0
692,3,highway,fall,15650,28,9,1
763,2,rural,fall,17299,0,9,0
84,1,highway,winter,10163,27,7,1
494,1,rural,summer,4680,10,10,1
142,5,highway,summer,4762,27,10,1
256,4,rural,winter,3015,24,6,0
402,5,highway,spring,11736,2,11,0
381,5,highway,fall,14604,18,4,1
774,5,rural,winter,7116,17,4,1
208,1,highway,winter,17876,19,17,0
73,1,highway,summer,4870,27,9,0
453,5,highway,fall,18657,1,13,1
565,1,highway,summer,4316,28,17,0
781,4,highway,winter,2256,24,7,0
413,5,highway,spring,2873,27,9,0
431,1,rural,fall,3076,25,19,0
581,2,highway,winter,4684,6,4,0
201,5,highway,winter,2897,7,9,1
611,5,highway,spring,13174,18,12,1
738,4,highway,winter,10826,21,18,1
657,3,rural,winter,11046,14,15,1
666,3,highway,fall,5035,9,6,1
469,4,rural,fall,15099,21,14,0
299,4,highway,fall,9668,28,18,0
166,4,rural,summer,17618,0,6,0
561,3,highway,spring,1132,5,17,0
789,4,rural,fall,13780,12,5,0
627,1,highway,summer,15246,13,7,0
384,5,highway,summer,4768,2,15,0
467,5,highway,spring,19785,10,5,1
344,2,highway,spring,18547,2,20,0
420,2,rural,winter,15821,18,6,0
235,5,highway,summer,10707,9,13,0
295,1,highway,fall,6091,26,19,0
686,3,rural,spring,16726,14,12,0
317,3,highway,summer,1554,10,14,0
692,1,rural,fall,9072,14,18,0
286,3,rural,summer,14079,25,6,1
579,4,highway,spring,19966,26,19,1
601,5,rural,winter,11083,23,15,1
70,5,highway,summer,8507,12,8,0
786,1,highway,fall,16403,4,10,1
569,3,highway,spring,10284,3,12,0
149,2,highway,winter,4761,12,21,0
527,2,rural,fall,2889,8,11,0
648,3,rural,fall,14439,24,15,0
347,2,highway,fall,11719,16,5,0
575,1,highway,summer,9899,1,13,1
383,1,rural,spring,1044,23,12,0
51,3,highway,fall,2739,4,11,0
424,2,highway,summer,11059,15,4,0
342,1,highway,spring,3127,6,9,0
602,1,rural,spring,7118,0,15,0
367,4,highway,summer,12623,27,20,1
551,4,rural,summer,7280,25,5,1
430,1,rural,fall,8515,11,14,0
672,3,highway,spring,3630,20,21,0
63,5,highway,winter,16980,10,14,0
553,5,rural,summer,15331,11,21,1
280,1,highway,spring,3208,18,11,0
133,1,rural,spring,5897,25,18,0
179,1,rural,fall,12028,11,12,0
792,3,rural,winter,17340,11,18,1
194,4,rural,fall,6414,13,10,0
77,1,rural,winter,4868,1,16,1
115,1,rural,winter,11679,1,16,1
212,2,highway,summer,12576,24,4,0
278,3,highway,spring,18821,28,7,0
310,1,highway,spring,14448,3,7,0
498,2,rural,spring,18030,19,7,0
473,5,highway,winter,14324,22,16,1
509,1,rural,spring,4799,25,5,1
725,1,highway,summer,14620,15,18,0
350,2,rural,winter,8618,9,7,0
352,3,highway,winter,11256,12,9,0
336,1,rural,winter,8453,1,6,0
